{
    "2_atoms_equal_massa_freq": [
        1.0,
        1.7320508075688772
    ],
    "2_atoms_equal_massa_modos": [
        [
            0.7071067811865475,
            0.7071067811865475
        ],
        [
            0.7071067811865475,
            -0.7071067811865475
        ]
    ],
    "3_atoms_equal_massa_freq": [
        1.7320508075688772,
        1.7320508075688772
    ],
    "3_atoms_equal_massa_modos": [
        [
            -0.5773502691896257,
            0.8164965809277261,
            0.2535948117489152
        ],
        [
            -0.5773502691896256,
            -0.40824829046386296,
            -0.7989337414422677
        ],
        [
            -0.5773502691896258,
            -0.408248290463863,
            0.5453389296933531
        ]
    ],
    "3_atoms_middle_heavy_freq": [
        0.0,
        1.414213562373095,
        1.7320508075688772
    ],
    "3_atoms_middle_heavy_modos": [
        [
            0.5773502691896258,
            0.5773502691896258,
            0.7071067811865474
        ],
        [
            0.5773502691896257,
            -0.5773502691896258,
            3.838041373776597e-17
        ],
        [
            0.5773502691896256,
            0.5773502691896255,
            -0.7071067811865476
        ]
    ]
}